stock_id,n_obs,wls_qlike,wls_mse,wls_mae,ols_qlike,mean_rv,mean_bas,stock_regime,cv_mean_qlike,cv_std_qlike,cv_mean_alpha
46,300,-7.081978037800624,3.926082835544581e-09,4.7516822932909565e-05,-7.082029570842095,0.00038849102447612797,0.00021649475202155572,liquid,-7.043674967944044,0.015469114093640069,0.7879999999999999
47,300,-7.041232879721116,6.780451361232534e-09,5.7496707781252084e-05,-7.041293776355566,0.00042337816132821633,0.0002342948227588677,liquid,-6.900446075354805,0.027273870518821297,0.568
21,300,-6.928306767260765,1.213966478492162e-08,7.34006709802545e-05,-6.928374774988326,0.0004981904972533796,0.00033904481932217634,mixed,-5.478892478198093,3.015352517153673,0.6599999999999999
99,300,-6.871990223893287,1.0524001753449818e-08,6.163034134702823e-05,-6.872069564077443,0.0005028640783192471,0.00022964016347200698,liquid,-6.776168905435901,0.01701436203913453,0.694
64,300,-6.840316575273,4.21853098374491e-09,4.942058164731419e-05,-6.8403642852104865,0.00047430142504497084,0.00023040164136014932,liquid,-6.7866501894581805,0.006859280196457712,0.5640000000000001
19,298,-6.821384675184804,1.9304552875976962e-08,9.47306536145187e-05,-6.821526159538256,0.0005171217538095514,0.00048627575624607817,mixed,12.058078290122383,39.5092085209447,0.9279999999999999
70,300,-6.8167627359556,1.603078225930239e-08,8.798909470141549e-05,-6.816881635739825,0.0005207660017581289,0.00042443234279374833,mixed,37.26144690010957,96.77890346468723,0.96
13,299,-6.813100125381455,6.651771797025174e-09,5.765777712734119e-05,-6.81314318378346,0.0005079649252869744,0.0002787924284409592,liquid,-6.803855533199427,0.024046166216654286,0.908
115,297,-6.811461701031192,1.425598245567012e-08,8.613117615000591e-05,-6.811593641018645,0.0005409015997262055,0.0004920624566895237,mixed,-6.657960013356048,0.042308669547028006,0.7959999999999999
39,300,-6.806417071957496,1.0428950341359837e-08,5.8348561157522635e-05,-6.806460106069803,0.0005127333979022017,0.00025486080531051937,liquid,-6.6898723973164085,0.014259459116806556,0.8720000000000001
69,300,-6.789433063750575,2.6254584577155694e-09,3.706855484359757e-05,-6.7894619339881634,0.0004935433659270412,0.00010529624549934294,liquid,-6.734871360052051,0.018932983739757006,0.5820000000000001
60,289,-6.788195019324404,2.836126263423271e-08,0.0001251359020832587,-6.788434952558724,0.0006036744666184608,0.0007802851568962209,illiquid,43.009246905875656,85.51671164856981,0.8640000000000001
28,300,-6.763376364032872,1.4255896265875705e-08,8.152150799726537e-05,-6.763455276744618,0.0005456315590366262,0.00036655359864910667,liquid,-6.653819670777027,0.04056741998521652,0.736
51,300,-6.756709245745674,8.572931715203414e-09,6.208271299350402e-05,-6.756776347779794,0.0005312003015953236,0.00032358490291083765,liquid,-6.72193105503658,0.020362512910030734,0.71
107,300,-6.733889478483509,2.0120411151972834e-08,9.325719964288125e-05,-6.733919383100016,0.0005821526086174282,0.0005251382259990637,mixed,-6.615980281253594,0.02696590433548342,0.624
86,300,-6.7190595421586,8.579609939134573e-09,7.149387514485592e-05,-6.719142314686599,0.0005515725158217307,0.00028569997073570297,liquid,-6.6705173918273974,0.026244031156309185,0.764
32,300,-6.705667032771244,6.918115926848558e-09,6.275673766831025e-05,-6.705724840037224,0.0005575921800942331,0.00037485416215349033,mixed,-6.657047718667906,0.012450712037650732,0.5660000000000001
68,300,-6.702272566267476,1.1917623721427337e-08,7.307876256684175e-05,-6.70235974916234,0.0005929554273846209,0.00039406008428541063,liquid,-6.599957074050913,0.014767964357142805,0.78
85,300,-6.686464330128661,1.4172979563753989e-08,8.439486090283043e-05,-6.686565597923839,0.000589893984912015,0.000370370596664751,liquid,-4.330546691553591,5.006930586507239,0.6839999999999999
30,292,-6.682971818632826,4.1771557013895343e-08,0.00013993836506304816,-6.683125578068998,0.000701907697789407,0.0007889930216799695,illiquid,21.927700649600048,27.652584454761172,0.62
89,299,-6.668987690483727,2.706501857747884e-08,0.00011712645460118716,-6.669095826922251,0.0006399585993047824,0.0005127989889510726,mixed,-4.182460193308762,3.3221607019351223,0.6060000000000001
7,296,-6.661176035641189,1.6796639569349546e-08,9.535656305402918e-05,-6.661345221807378,0.0006060789253488176,0.0005875705157104487,mixed,107.4845258615527,190.94609019899283,0.788
0,291,-6.660139841130189,4.96376214100031e-08,0.00013832359076309413,-6.660397417236664,0.0006991956166199255,0.0008585500480139228,illiquid,181.57977131446873,373.40559370212304,0.56
82,298,-6.652108539747743,2.4724679403707584e-08,0.00011456881697545128,-6.652338086243048,0.0006251288860944006,0.0005865971250932682,mixed,-6.5425385872190756,0.027234105777215026,0.756
120,300,-6.634009373256077,8.615173218971768e-09,6.374209334269016e-05,-6.634055111388639,0.000595420362916142,0.00026313300202550935,liquid,-6.599011578976591,0.02677261714321866,0.68
20,300,-6.621466636575671,8.779907676180717e-09,6.430744323191518e-05,-6.621508638144395,0.0005990270999423651,0.0003212165547000225,liquid,-6.567117574485377,0.024282053877880044,0.952
42,300,-6.610839751279951,1.6986175638316525e-08,8.936523579603459e-05,-6.61092720219122,0.0006371825764280533,0.0004412028446756002,mixed,-6.472231559257634,0.03013132166568394,0.632
52,300,-6.601741802083913,1.0924043813206713e-08,7.358680264620767e-05,-6.601812215599066,0.0006292678248540808,0.0003086287122788882,liquid,-6.523363436952477,0.031543743556767964,0.6980000000000001
26,300,-6.588513473222907,1.3825212780883272e-08,7.831784746254774e-05,-6.588591373492112,0.000634963609441935,0.00043665292912706933,mixed,-6.499583759533609,0.09968233979845693,0.86
48,300,-6.580769144011528,1.8601925679371867e-08,0.00010292614527687008,-6.580868525407059,0.0006840780302463204,0.000547946308928307,mixed,2.3411566245152238,19.701710058097536,0.688
98,293,-6.573424993601322,5.530596431423223e-08,0.00016884970883735548,-6.573664355324623,0.000780624452019092,0.0009701753311398031,illiquid,77.56897679261323,134.77643899463547,0.7379999999999999
95,300,-6.544955476031401,1.5311660759165428e-08,7.991572465548535e-05,-6.545010889561202,0.0006405012315802951,0.0003463827750548378,liquid,-6.506250809170405,0.01585908044304259,0.74
77,300,-6.522254604878374,1.6297940083632518e-08,7.264897982123485e-05,-6.522307157502234,0.0006687916728830266,0.000301820869023472,liquid,-1.11739854709739,9.357263446773269,0.51
4,300,-6.4960493118359315,3.458662773244308e-08,0.00013275764187154686,-6.496296454664801,0.0007365549055940998,0.0007978654316934754,illiquid,-1.8558836712681939,4.225712483505703,0.882
50,300,-6.478384935806871,6.665040117891766e-09,5.811888799966091e-05,-6.478423059358577,0.0006489580399448093,0.00021616911488199202,liquid,-6.406350756735027,0.02151027413989748,0.8160000000000001
88,283,-6.475478185626261,1.2391209543496971e-07,0.00022272356704790343,-6.475671992863134,0.0008765440099878762,0.0011752561104839726,illiquid,52.47675102426774,116.7266063502031,0.79
59,300,-6.4660235396990595,2.4878194077372147e-08,0.0001025208917326213,-6.46614253414538,0.0007483172599712225,0.0005536431570030266,mixed,-6.382430295057649,0.022667947377790095,0.8019999999999999
10,300,-6.435171260344696,1.4098682422879563e-08,7.543626345295407e-05,-6.43522313478389,0.000736633419606973,0.00031540867878073533,liquid,-6.4061446084664535,0.00913216804294268,0.714
102,298,-6.3676345309785765,4.248396221445257e-08,0.00014386824358162293,-6.3678169212450815,0.0008500350188452507,0.0007577518357422942,illiquid,16.66372012705487,24.703552962421163,0.642
38,300,-6.3529710710128375,4.8793065257628065e-08,0.0001558477411511474,-6.353182178344034,0.0008382601494616363,0.000779835722555009,illiquid,15.339938389610438,23.483049093708086,0.594
118,298,-6.349530716025507,4.9919647490973016e-08,0.00015592488142627468,-6.349727100379869,0.0008549582287017548,0.0008194440448665279,illiquid,-6.142848212745895,0.017684812287745974,0.702
23,300,-6.344036442491212,2.3325639194183144e-08,0.00011173493075157692,-6.34417528935614,0.0008391960537802845,0.0006522845776708389,illiquid,2.4872079412340637,10.897353721562702,0.548
113,300,-6.3272126302649685,1.8129906759325882e-08,9.978162936648022e-05,-6.327347165819974,0.0008112043008968441,0.0005177701274962646,mixed,-1.1217864321293582,11.367607355823887,0.7979999999999998
114,300,-6.307983618787334,2.1432217979273537e-08,0.00010526982107877456,-6.3080994373661285,0.0008383094078251409,0.0006129418664859923,mixed,-1.6683651887367532,10.211761808878839,0.8200000000000001
103,295,-6.305761287174504,5.512966315350842e-08,0.00016958255147428195,-6.306000832718066,0.0009232618472612345,0.0010240415694608555,illiquid,22.991387669847516,44.558233370159506,0.49400000000000005
101,300,-6.2945908578305625,2.0159548086991843e-08,9.785496342627592e-05,-6.29468395509787,0.0008177270917903437,0.0005209659542512231,mixed,-6.1977326622731175,0.021118572698435253,0.7380000000000001
73,300,-6.283144311123709,2.175705853215395e-08,0.00010106328131483179,-6.283233308773305,0.0008380345663329515,0.0005440020810410597,mixed,-6.195923497909788,0.020282385582620445,0.6779999999999999
61,300,-6.271538175995518,9.806265628925985e-09,7.456529632469842e-05,-6.2715882312067315,0.000829278181338778,0.00039278222047096597,mixed,-6.200671241691602,0.010247615090246322,0.724
124,300,-6.267754937544998,9.91369986568691e-09,6.420636019568594e-05,-6.267781007349425,0.0008091785906497934,0.00019933178941372468,liquid,-6.215525435840037,0.015031986836559277,0.9279999999999999
76,300,-6.243868263659312,2.293030729320042e-08,9.441746232884724e-05,-6.243921540617985,0.000898458966065038,0.0005029883276185998,mixed,-6.165533249736745,0.014174944962562367,0.36
40,298,-6.226675610644361,8.594198949561494e-08,0.00020526647977672145,-6.226957177815937,0.0010104152006836155,0.0011072193560783688,illiquid,0.8309567136516345,9.357445620910163,0.546
112,292,-6.217970862975948,9.31554187724696e-08,0.0002083894586492693,-6.218344266120683,0.0010138215412671958,0.001353844307045495,illiquid,14.826606464905177,18.817496796371625,0.5700000000000001
37,278,-6.203549581442292,1.389838376675309e-07,0.0002694763707977521,-6.203252078239916,0.001155121252493631,0.0015506803588392305,illiquid,134.88629462895392,118.21775967644362,0.5640000000000001
9,296,-6.194172147941919,7.688541121478851e-08,0.00019148195466525437,-6.194354165178387,0.0010235353019400675,0.0011748076337973917,illiquid,5.45565562730602,15.617432819728908,0.6799999999999999
96,300,-6.157495988065426,1.583605781899091e-08,9.625811242670769e-05,-6.157564036969667,0.0009263676712460896,0.0005111751239699193,mixed,-6.075880627420334,0.018062724968122418,0.702
81,299,-6.079216318679574,3.486842768144901e-08,0.0001407903713034306,-6.079333073568073,0.0010669975359026637,0.000653036269888922,illiquid,2.113252235274902,8.183301327963404,0.6779999999999999
97,300,-5.994370775085194,1.0449036582746244e-07,0.00022067582417297906,-5.9946082203734425,0.0012006778047882792,0.0012403430732591124,illiquid,18.230973208988935,53.676801363911466,0.7540000000000001
3,297,-5.757813819458798,6.166273490208427e-08,0.00017243086699290135,-5.757953999996469,0.001291905144741561,0.0010212873748326693,illiquid,-4.490032297614209,2.8739452807139814,0.72
80,295,-5.726339236918149,9.312920240735435e-08,0.0002046116007220533,-5.726462730709025,0.0015788573113672214,0.0009055798986950006,illiquid,12.829408847706693,17.6171092057432,0.85
6,299,-5.679713768399814,5.6980303222107946e-08,0.00017942667501029123,-5.679790404091608,0.0015382615350382277,0.0009505252518659255,illiquid,13.308181925951857,29.393643888258552,0.6439999999999999
